_id,name,role,last_updated_performance_rating,performance_goals,performance_documents,anytime_documents,check_ins,potential_rating
665d9faef3632ddafe243951,Santino Abate,Supervisor,,,Competency Assessment,0 created,0 created,
665d9faef3632ddafe243952,Rushi Agarwal,Developer,,,Competency Assessment,0 created,0 created,
665d9faef3632ddafe243953,Michael Bates,Benefits Specialist,,,Competency Assessment,0 created,0 created,
665d9faef3632ddafe243954,Roberta Bisset,System Specialist,,,Competency Assessment,0 created,0 created,
665d9faef3632ddafe243955,Eveline Blaise,Senior Analyst,,,Competency Assessment,0 created,0 created,
665d9faef3632ddafe243956,Hannah Brown,Senior Accountant,,,Competency Assessment,0 created,0 created,
665d9faef3632ddafe243957,Emily Clerk,Clerk,,,Competency Assessment,0 created,0 created,
665d9faef3632ddafe243958,Marco Crespo,Accounting Clerk,,,Competency Assessment,0 created,0 created,
665d9faef3632ddafe243959,Neil Dubois,Analyst,,,Competency Assessment,0 created,0 created,
665d9faef3632ddafe24395a,Roopa Dutt,Accounting Clerk,,,Competency Assessment,0 created,0 created,
665d9faef3632ddafe24395b,Robert Fuller,Supervisor,,,Competency Assessment,0 created,0 created,
665d9faef3632ddafe24395c,Vijay Gupta,Human Resources Administrator,,,Competency Assessment,0 created,0 created,
