_id,status,subject,request_number,last_update_date
66586d43ad700f596681d688,Open,Project Approval,HRHDD56015,2024-05-30T17:34:00Z
66586d43ad700f596681d689,Open,Project Proposal,HRHDD56016,2024-05-29T14:30:00Z
66586d43ad700f596681d68a,Closed,Budget Approval,HRHDD56017,2024-05-28T09:45:00Z
66586d43ad700f596681d68b,Open,IT Support Request,HRHDD56018,2024-05-27T16:20:00Z
66586d43ad700f596681d68c,Pending,HR Policy Update,HRHDD56019,2024-05-26T11:15:00Z
66586d43ad700f596681d68d,Open,Training Schedule,HRHDD56020,2024-05-25T13:05:00Z
66586d43ad700f596681d68e,Closed,Annual Leave Request,HRHDD56021,2024-05-24T10:30:00Z
66586d43ad700f596681d68f,Pending,Performance Review,HRHDD56022,2024-05-23T15:50:00Z
66586d43ad700f596681d690,Open,Expense Reimbursement,HRHDD56023,2024-05-22T12:40:00Z
66586d43ad700f596681d691,Closed,New Hire Onboarding,HRHDD56024,2024-05-21T14:00:00Z
66586d43ad700f596681d692,Open,Equipment Request,HRHDD56025,2024-05-20T11:25:00Z
66586d43ad700f596681d693,Pending,Client Meeting Schedule,HRHDD56026,2024-05-19T16:50:00Z
66586d43ad700f596681d694,Open,Website Update,HRHDD56027,2024-05-18T13:10:00Z
66586d43ad700f596681d695,Closed,Security Incident Report,HRHDD56028,2024-05-17T09:45:00Z
66586d43ad700f596681d696,Open,Marketing Campaign Plan,HRHDD56029,2024-05-16T14:30:00Z
66586d43ad700f596681d697,Pending,Product Launch Event,HRHDD56030,2024-05-15T12:15:00Z
66586d43ad700f596681d698,Closed,Vendor Payment,HRHDD56031,2024-05-14T15:55:00Z
66586d43ad700f596681d699,Open,Office Relocation,HRHDD56032,2024-05-13T10:50:00Z
66586d43ad700f596681d69a,Pending,Employee Feedback,HRHDD56033,2024-05-12T14:35:00Z
66586d43ad700f596681d69b,Closed,Project Deadline Extension,HRHDD56034,2024-05-11T09:20:00Z
